USE LIBRARY

DELETE FROM 
BORROWER

DELETE FROM 
BOOKS

DELETE FROM
LOANS



--ALTER TABLE LOANS 
--DROP COLUMN 借书日期 

--ALTER TABLE LOANS
--ADD 借书日期 time



INSERT INTO BORROWER
VALUES
	('12011106','蒋辉文','计算机系','12-1'),
	('12011107','王丽','计算机系','12-1'),
	('12011108','田亮','计算机系','12-1'),
	('12012113','范园园','信息系','12-2'),
	('12012114','胡明','信息系','12-2'),
	('12012115','崔天','信息系','12-2')

INSERT INTO BOOKS
VALUES	
	('TP311.1','数据库系统','李明','T001001','科学',19.00),
	('TP311.2','二级C语言','王珊','T001026','人民',32.00),
	('TP311.3','数据结构','曾强','T001003','北京邮电',19.00),
	('TP311.4','二级python','王亮','T001027','人民',19.00),
	('TP311.5','二级web','王珊','T001022','人民',32.00),
	('TP311.6','算法设计','张麻','T001004','科学',29.00),
	('TP311.7','操作系统','李明','T001002','科学',19.00),
	('TP311.8','二级JAVA','王珊','T001025','人民',32.00),
	('TP311.9','二级VB','王珊','T001024','人民',32.00),
	('TP311.0','二级C++','王珊','T001023','人民',32.00)


INSERT INTO LOANS
VALUES 
	('12011106','T001001',GETDATE()),
	('12011106','T001002',GETDATE()),
	('12011106','T001003',GETDATE()),
	('12011106','T001004',GETDATE()),
	('12011106','T001022',GETDATE()),
	('12011108','T001001',GETDATE()),
	('12011108','T001022',GETDATE()),
	('12011108','T001023',GETDATE()),
	('12011108','T001024',GETDATE()),
	('12011108','T001022',GETDATE()),
	('12011107','T001001',GETDATE()),
	('12011106','T001002',GETDATE()),
	('12011106','T001003',GETDATE()),
	('12011107','T001004',GETDATE()),
	('12011106','T001022',GETDATE()),
	('12012114','T001001',GETDATE()),
	('12012113','T001022',GETDATE()),
	('12012114','T001027',GETDATE()),
	('12012113','T001026',GETDATE()),
	('12012115','T001022',GETDATE())



--SELECT GETDATE()
SELECT*
FROM BORROWER

SELECT*
FROM LOANS

SELECT*
FROM BOOKS


--SELECT 借书证号,